{
  "total_time_seconds": 11640.977659099,
  "total_time_human": "194.0 minutes",
  "device": "cuda",
  "gpu": "NVIDIA A100-SXM4-80GB",
  "strategies": [
    "all_linear",
    "lora_attention",
    "lora_deltanet",
    "lora_both"
  ],
  "seeds": [
    42,
    123,
    7
  ],
  "cl_summary": [
    {
      "strategy": "all_linear",
      "n_seeds": 3,
      "trainable_params": 5411328,
      "total_params": 757804352,
      "param_pct": "0.71%",
      "avg_forgetting_mean": -67025.72970408459,
      "avg_forgetting_std": 4712.470151725861,
      "avg_final_ppl_mean": 9604.89542462904,
      "avg_final_ppl_std": 1438.7470230715214
    },
    {
      "strategy": "lora_attention",
      "n_seeds": 3,
      "trainable_params": 958464,
      "total_params": 753351488,
      "param_pct": "0.13%",
      "avg_forgetting_mean": 633.1139168320436,
      "avg_forgetting_std": 235.53202936330217,
      "avg_final_ppl_mean": 760.7694154625951,
      "avg_final_ppl_std": 268.12772390393144
    },
    {
      "strategy": "lora_deltanet",
      "n_seeds": 3,
      "trainable_params": 1474560,
      "total_params": 753867584,
      "param_pct": "0.20%",
      "avg_forgetting_mean": 3185.8864600883476,
      "avg_forgetting_std": 2391.0779483456226,
      "avg_final_ppl_mean": 9174.498383961394,
      "avg_final_ppl_std": 1543.8103394667087
    },
    {
      "strategy": "lora_both",
      "n_seeds": 3,
      "trainable_params": 1794048,
      "total_params": 754187072,
      "param_pct": "0.24%",
      "avg_forgetting_mean": -992.9604188978619,
      "avg_forgetting_std": 2671.4967264747443,
      "avg_final_ppl_mean": 6915.622432362896,
      "avg_final_ppl_std": 1408.9524041066525
    }
  ],
  "mmlu_results": {
    "base": {
      "time": 524.989605322,
      "returncode": 0,
      "raw_line": "|mmlu              |      2|none  |      |acc   |\u2191  |0.5153|\u00b1  |0.0065|",
      "stdout_tail": "psychology             |      1|none  |     5|acc   |\u2191  |0.7400|\u00b1  |0.0441|\n|  - human_sexuality                    |      1|none  |     5|acc   |\u2191  |0.5300|\u00b1  |0.0502|\n|  - professional_psychology            |      1|none  |     5|acc   |\u2191  |0.4000|\u00b1  |0.0492|\n|  - public_relations                   |      1|none  |     5|acc   |\u2191  |0.5800|\u00b1  |0.0496|\n|  - security_studies                   |      1|none  |     5|acc   |\u2191  |0.5800|\u00b1  |0.0496|\n|  - sociology                          |      1|none  |     5|acc   |\u2191  |0.6200|\u00b1  |0.0488|\n|  - us_foreign_policy                  |      1|none  |     5|acc   |\u2191  |0.7000|\u00b1  |0.0461|\n| - stem                                |      2|none  |      |acc   |\u2191  |0.4526|\u00b1  |0.0112|\n|  - abstract_algebra                   |      1|none  |     5|acc   |\u2191  |0.3200|\u00b1  |0.0469|\n|  - anatomy                            |      1|none  |     5|acc   |\u2191  |0.4300|\u00b1  |0.0498|\n|  - astronomy                          |      1|none  |     5|acc   |\u2191  |0.5000|\u00b1  |0.0503|\n|  - college_biology                    |      1|none  |     5|acc   |\u2191  |0.5900|\u00b1  |0.0494|\n|  - college_chemistry                  |      1|none  |     5|acc   |\u2191  |0.4600|\u00b1  |0.0501|\n|  - college_computer_science           |      1|none  |     5|acc   |\u2191  |0.4100|\u00b1  |0.0494|\n|  - college_mathematics                |      1|none  |     5|acc   |\u2191  |0.3500|\u00b1  |0.0479|\n|  - college_physics                    |      1|none  |     5|acc   |\u2191  |0.3600|\u00b1  |0.0482|\n|  - computer_security                  |      1|none  |     5|acc   |\u2191  |0.6600|\u00b1  |0.0476|\n|  - conceptual_physics                 |      1|none  |     5|acc   |\u2191  |0.5500|\u00b1  |0.0500|\n|  - electrical_engineering             |      1|none  |     5|acc   |\u2191  |0.5300|\u00b1  |0.0502|\n|  - elementary_mathematics             |      1|none  |     5|acc   |\u2191  |0.3600|\u00b1  |0.0482|\n|  - high_school_biology                |      1|none  |     5|acc   |\u2191  |0.6600|\u00b1  |0.0476|\n|  - high_school_chemistry              |      1|none  |     5|acc   |\u2191  |0.4000|\u00b1  |0.0492|\n|  - high_school_computer_science       |      1|none  |     5|acc   |\u2191  |0.5400|\u00b1  |0.0501|\n|  - high_school_mathematics            |      1|none  |     5|acc   |\u2191  |0.2800|\u00b1  |0.0451|\n|  - high_school_physics                |      1|none  |     5|acc   |\u2191  |0.3600|\u00b1  |0.0482|\n|  - high_school_statistics             |      1|none  |     5|acc   |\u2191  |0.4600|\u00b1  |0.0501|\n|  - machine_learning                   |      1|none  |     5|acc   |\u2191  |0.3800|\u00b1  |0.0488|\n\n|      Groups      |Version|Filter|n-shot|Metric|   |Value |   |Stderr|\n|------------------|------:|------|------|------|---|-----:|---|-----:|\n|mmlu              |      2|none  |      |acc   |\u2191  |0.5153|\u00b1  |0.0065|\n| - humanities     |      2|none  |      |acc   |\u2191  |0.5300|\u00b1  |0.0135|\n| - other          |      2|none  |      |acc   |\u2191  |0.5346|\u00b1  |0.0135|\n| - social sciences|      2|none  |      |acc   |\u2191  |0.5775|\u00b1  |0.0141|\n| - stem           |      2|none  |      |acc   |\u2191  |0.4526|\u00b1  |0.0112|\n\n"
    },
    "all_linear_seed42": {
      "time": 549.7034650330006,
      "returncode": 0,
      "raw_line": "|mmlu              |      2|none  |      |acc   |\u2191  |0.4912|\u00b1  |0.0065|",